{
        "NDT": "non-diagnostic T abnormalities, non-diagnostic T-waves, non-diagnostic T-wave changes, abnormal T-waves in leads I and aVL, abnormal T-waves in leads II, III and aVF.",
        "NST": "non-specific ST changes, non-specific ST segment changes, non-specific ST elevation, non-specific ST depression.",
        "DIG": "DIG, suggests digitalis-effect, Digitalis-induced changes, Digitalis-like effect, Digitalis-related changes.",
        "LNGQT": "long QT-interval, prolonged QT interval, congenital long QT syndrome, acquired long QT syndrome, Romano-Ward syndrome, Jervell and Lange-Nielsen syndrome.",
        "NORM": "normal ECG, normal electrocardiogram, Sinus rhythm, Normal sinus rhythm, Sinus tachycardia, Sinus bradycardia.",
        "IMI": "inferior myocardial infarction,inferolateral myocardial infarction,inferoposterolateral myocardial infarction,inferoposterior myocardial infarction,subendocardial injury in inferior leads,posterior wall MI,posterior-inferior MI,posteroinferolateral MI.",
        "ASMI": "anteroseptal myocardial infarction, anteroseptal wall infarction, anterolateral myocardial infarction, anterior wall infarction, subendocardial injury in anteroseptal leads.",
        "LVH": "left ventricular hypertrophy, left ventricular hypertrophy with strain pattern, asymmetric septal hypertrophy, concentric left ventricular hypertrophy, eccentric left ventricular hypertrophy.",
        "LAFB": "left anterior fascicular block, left anterior hemiblock, left bundle branch block (LAFB), first-degree LAFB, type I LAFB.",
        "ISC": "ischemic ST-T changes, non-specific ischemic ST-T changes, anterior ischemic ST-T changes, inferior ischemic ST-T changes, lateral ischemic ST-T changes, posterior ischemic ST-T changes.",
        "IRBBB": "incomplete right bundle branch block, incomplete right bundle branch block type I, incomplete right bundle branch block type II.",
        "1AVB": "first degree AV block, first-degree atrioventricular block.",
        "IVCD": "non-specific intraventricular conduction disturbance, non-specific intraventricular conduction defect, non-specific intraventricular block.",
        "ISCAL": "in anterolateral leads, anterolateral ST segment changes, anterolateral T-wave changes, anteroseptal myocardial infarction.",
        "CRBBB": "right bundle branch block, right bundle branch block (RBBB), complete right bundle branch block, incomplete right bundle branch block.",
        "CLBBB": "left bundle branch block, left bundle branch block (LBBB), left anterior fascicular block, left posterior fascicular block, bifascicular block.",
        "ILMI": "inferolateral myocardial infarction, inferoposterolateral myocardial infarction, inferoposterior myocardial infarction, subendocardial injury in inferolateral leads.",
        "LAO/LAE": "left atrial overload, left atrial enlargement, left atrial hypertrophy, left atrial dilatation.",
        "AMI": "anterior myocardial infarction, anterolateral myocardial infarction, anteroseptal myocardial infarction, anterobasal myocardial infarction.",
        "ALMI": "anterolateral myocardial infarction, anteroseptal myocardial infarction, anterolateral subendocardial injury, anterolateral subepicardial injury.",
        "ISCIN": "ischemic changes in inferior leads, infero-inferior ischemia, infero-lateral ischemia, subendocardial injury in inferior leads.",
        "HYP": "left ventricular hypertrophy, right ventricular hypertrophy, biventricular hypertrophy, ventricular hypertrophy, concentric left ventricular hypertrophy, eccentric left ventricular hypertropy, concentric remodeling of the left atrium/enlargement.",
        "CD": "Conduction Disturbance, Left Anterior Fascicular Block, Right Bundle Branch Block, Left Bundle Branch Block, First-degree atrioventricular block, Second-degree atrioventricular block (Mobitz type I and II), Third-degree atrioventricular block (complete heart block), Intra-atrial conduction delay.",
        "INJAS": "ischemic in anteroseptal leads, anteroseptal ischemia, anterior septal ischemia, anterolateral ischemia.",
        "VPC": "Ventricular premature complexes, Ventricular premature beats, Ventricular ectopic beats, Premature ventricular contractions.",
        "LMI": "lateral myocardial infarction, anterolateral myocardial infarction, anteroseptal and lateral myocardial infarction, posterolateral myocardial infarction.",
        "ISCIL": "ischemic in inferolateral leads, inferolateral ischemia, inferolateral ST-segment depression, inferolateral T-wave inversion.",
        "ISCI": "ischemic in inferior leads, ischemic in inferolateral leads, inferoposterior myocardial infarction, subendocardial injury in inferior leads.",
        "LPFB": "left posterior fascicular block, left posterior fascicular block (LPFB), left posterior hemiblock, left bundle branch block (LBBB) with left anterior fascicular conduction delay.",
        "LAFB/LPFB": "left anterior fascicular block, left posterior fascicular block, Left Anterior Hemiblock, Left Posterior Hemiblock.",
        "ISCAS": "in anteroseptal leads, anteroseptal ST segment elevation, anteroseptal T-wave inversion, anterolateral ST segment depression.",
        "ISCA": "ischemic in anterior leads, ischemic in anteroseptal leads, ischemic in anterolateral leads, anteroseptal myocardial infarction, anterior myocardial infarction.",
        "INJAL": "in anterolateral leads, anterolateral injury, anteroseptal injury, anterior wall myocardial infarction with lateral involvement.",
        "ISCLA": "in lateral leads, lateral leads, lateral wall myocardial infarction, inferolateral myocardial infarction.",
        "RVH": "right ventricle hypertrophy, right ventricular hypertrophy, cor pulmonale, idiopathic pulmonary hypertension-related right ventricular hypertrophy, chronic thromboembolic pulmonary hypertension-related right ventricular hypertrophy.",
        "ANEUR": "ST-T changes compatible with ventricular aneurysm, ventricular aneurysm, left ventricular aneurysm, right ventricular aneurysm.",
        "RAO/RAE": "right atrial overload, right atrial enlargement, right atrial dilatation.",
        "EL": "compatible with electrolyte abnormalities, electrolyte imbalance, electrolyte disturbances, hypokalemia, hyperkalemia, hypocalcemia, hypercalcemia.",
        "WPW": "Wolf-Parkinson-White syndrome, Wolff-Parkinson-White pattern, Pre-excitation syndrome.",
        "ILBBB": "incomplete left bundle branch block, left anterior fascicular block, left posterior fascicular block, bifascicular block.",
        "IPLMI": "inferoposterolateral myocardial infarction, inferoposterior myocardial infarction, inferolateral myocardial infarction.",
        "ISCAN": "in anterior leads, anterior ST-segment changes, anterior T-wave changes, anteroseptal myocardial infarction, anterolateral myocardial infarction.",
        "IPMI": "inferoposterior myocardial infarction, posterior myocardial infarction, inferoposterolateral myocardial infarction, subendocardial injury in inferior and lateral leads.",
        "SEHYP": "septal hypertrophy, left ventricular septal hypertrophy, right ventricular septal hypertrophy, apical septal hypertrophy, mid-septal hypertrophy.",
        "INJIN": "subendocardial injury in inferior leads, subendocardial injury in inferolateral leads, subendocardial injury in inferoposterolateral leads, subendocardial injury in inferoposterior leads.",
        "INJLA": "subendocardial injury in lateral leads, subendocardial injury in anterolateral leads, subendocardial injury in posterolateral leads.",
        "PMI": "posterior myocardial infarction, posterior wall myocardial infarction, posterolateral myocardial infarction, posteroseptal myocardial infarction, subendocardial injury in posterior leads.",
        "3AVB": "third degree AV block, complete heart block, high-grade AV block, third-degree atrioventricular block.",
        "INJIL": "in inferolateral leads, inferolateral injury, inferolateral myocardial infarction, subendocardial injury in inferolateral leads.",
        "2AVB": "second degree AV block, Mobitz type I second degree AV block, Mobitz type II second degree AV block.",
        "ABQRS": "abnormal QRS, abnormal QRS axis, abnormal QRS complex, abnormal QRS duration, abnormal QRS morphology, abnormal QRS transition zone.",
        "PVC": "ventricular premature complex (beat), ventricular premature contraction, ventricular ectopic beat, ventricular extrasystole.",
        "STD": "non-specific ST depression, non-specific ST segment depression, diffuse ST depression, widespread ST depression.",
        "VCLVH": "voltage criteria (QRS) for left ventricular hypertrophy, voltage criteria for left ventricular hypertrophy, QRS complex changes for left ventricular hypertrophy.",
        "QWAVE": "Q waves present, Q wave abnormalities, Q wave changes, anterior Q waves, posterior Q waves, lateral Q waves.",
        "LOWT": "low amplitude T-waves, low voltage T-waves, decreased amplitude T-waves.",
        "NT": "non-specific T-wave changes, non-specific T-waves, nonspecific ST-T changes, abnormal T-waves, abnormal ST segment and T waves.",
        "PAC": "atrial premature complex, atrial premature beat, atrial ectopic beat, supraventricular premature complex.",
        "LPR": "Prolonged PR interval, prolonged PR segment, first-degree atrioventricular block.",
        "INVT": "inverted T-waves, inverted T-wave changes, inverted T-wave pattern, inverted T-waves in leads V1-V3, inverted T-waves in leads II, III and aVL.",
        "LVOLT": "low QRS voltages in the frontal and horizontal leads, low QRS voltage, low QRS amplitude, reduced QRS amplitude in frontal and horizontal leads.",
        "HVOLT": "high QRS voltage, high QRS amplitude, increased QRS amplitude, increased R wave amplitude.",
        "TAB": "t-wave abnormality, T-wave changes, non-diagnostic T-waves, non-diagnostic T abnormalities.",
        "PRC(S)": "premature complex(es), premature ventricular contraction(s), premature atrial contraction(s), premature junctional complex(es)..",
        "SR": "Sinus Rhythm, Normal Sinus Rhythm, Sinus Node Dysfunction, Sinus Bradycardia, Sinus Tachycardia.",
        "AFIB": "Atrial Fibrillation, Paroxysmal Atrial Fibrillation, Persistent Atrial Fibrillation, Long-standing Persistent Atrial Fibrillation, Permanent Atrial Fibrillation.",
        "STACH": "sinus tachycardia, supraventricular tachycardia, atrial tachycardia, junctional tachycardia.",
        "SARRH": "sinus arrhythmia, sinus arrhythmias, sinus rhythm irregularity, wandering atrial pacemaker.",
        "SBRAD": "sinus bradycardia, sinus bradycardia with atrial fibrillation, sinus bradycardia with atrial flutter, sinus bradycardia with premature ventricular contractions.",
        "PACE": "normal functioning artificial pacemaker, normal functioning permanent artificial cardiac pacemaker, normal functioning temporary artificial cardiac pacemaker.",
        "SVARR": "supraventricular arrhythmia, supraventricular tachycardia, atrial fibrillation, atrial flutter, premature atrial contraction (PAC), junctional rhythm, sinus node reentry tachycardia.",
        "BIGU": "Based on the input, I generated the following subtypes and attributes for BIGU (Bigeminal pattern, unknown origin, SV or Ventricular):* Bigeminal pattern (unknown origin)* Bigeminal supraventricular rhythm* Bigeminal ventricular rhythm* Supraventricular bigeminus* Ventricular bigeminusLet me know if this meets your requirements!.",
        "AFLT": "atrial flutter, atrial flutter with variable block, atrial flutter with 2:1 block, atrial flutter with 3:1 block, typical atrial flutter, atypical atrial flutter.",
        "SVTAC": "supraventricular tachycardia, supraventricular tachyarrhythmia, atrial tachycardia, junctional tachycardia, sinus node reentry tachycardia.",
        "PSVT": "paroxysmal supraventricular tachycardia, paroxysmal supraventricular tachyarrhythmia, atrioventricular nodal reentrant tachycardia (AVNRT), atrioventricular reciprocating tachycardia (AVRT), junctional ectopic tachycardia, orthodromic atrioventricular reentrant tachycardia (oAVRT), antidromic AVRT.",
        "TRIGU": "trigeminal pattern (unknown origin), trigeminal pattern of unknown origin with supraventricular origin, trigeminal pattern of unknown origin with ventricular origin.",
        "2AVB1": "second degree AV block (Type 1), Mobitz type I second-degree atrioventricular block, Wenckebach phenomenon.",
        "2AVB2": "second degree AV block (Type two), Mobitz type II second-degree atrioventricular block, Second-degree atrioventricular block type II, Type II second-degree heart block.",
        "ABI": "atrial bigeminy, atrial extrasystole, supraventricular bigeminy.",
        "ALS": "Axis left shift, Left axis deviation, Leftward shift of the electrical axis.",
        "APB": "atrial premature beats, atrial premature complexes, atrial ectopic beats, supraventricular ectopic beats.",
        "AQW": "abnormal Q wave, anterior Q wave, posterior Q wave, lateral Q wave, septal Q wave.",
        "ARS": "Axis right shift, Right axis deviation, Rightward axis deviation, Rightward displacement of the mean electrical axis.",
        "AVB": "AV block, atrioventricular block, a-v block, second-degree AV block, third-degree AV block.",
        "CCR": "counter-clockwise rotation, counterclockwise axis deviation, left axis deviation.",
        "CR": "clockwise rotation, counterclockwise rotation.",
        "ERV": "Early repolarization of the ventricles, Early repolarization, Ventricular early repolarization, Ventricular premature beats with early repolarization.",
        "FQRS": "fQRS Wave, fragmented QRS complex, fragmented QRS waveforms, abnormal QRS morphology.",
        "IDC": "Interior differences conduction, Left bundle branch block, Right bundle branch block, Left anterior fascicular block, Left posterior fascicular block.",
        "IVB": "Intraventricular block, Complete intraventricular block, High-grade intraventricular block, Low-grade intraventricular block, Left bundle branch block (LBBB), Right bundle branch block (RBBB), Left anterior fascicular block (LAFB), Left posterior fascicular block (LPFB), Right anterior fascicular block (RAFB), Right posterior fascicular block (RPFb)..",
        "JEB": "junctional escape beat, junctional escape rhythm, junctional premature beat, junctional premature complexes.",
        "JPT": "junctional premature beat, junctional premature complexes, atrioventricular junctional rhythm, supraventricular junctional rhythm.",
        "LBBB": "left bundle branch block, left bundle branch block (LBBB), left anterior fascicular block, left posterior fascicular block, bifascicular block (LBBB + RBBB), trifascicular block (LBBB + RBBB + LPHB).",
        "LBBBB": "left back bundle branch block, left posterior fascicular block, left posterior hemiblock, left bundle branch block, complete left bundle branch block.",
        "LFBBB": "left front bundle branch block, left anterior fascicular block, left anterior hemiblock.",
        "LVQRSAL": "lower voltage QRS in all leads, low voltage QRS complex in all leads, low amplitude QRS complex in all leads.",
        "LVQRSCL": "lower voltage QRS in chest lead, low voltage QRS complex, reduced amplitude of QRS complex in chest leads.",
        "LVQRSLL": "lower voltage QRS in limb lead, low-voltage QRS complex in limb leads, reduced amplitude of QRS complex in limb leads.",
        "MI": "myocardial infarction, anterior myocardial infarction, anterolateral myocardial infarction, anteroseptal myocardial infarction, inferior myocardial infarction, inferolateral myocardial infarction, inferoposterolateral myocardial infarction, inferoposterior myocardial infarction, lateral myocardial infarction, posterior myocardial infarction, right ventricular myocardial infarction, subendocardial myocardial infarction.",
        "MIBW": "myocardial infarction in back wall, posterior myocardial infarction, posterior-inferior myocardial infarction, posterolateral myocardial infarction, subendocardial injury in posterior leads.",
        "MIFW": "Myocardial infarction in the front wall, Anteroseptal myocardial infarction, Anterior myocardial infarction, Anterolateral myocardial infarction.",
        "MILW": "Myocardial infarction in the lower wall, Inferior myocardial infarction, Posterior myocardial infarction, Lateral myocardial infarction, Subendocardial injury in inferior and lateral leads.",
        "MISW": "Myocardial infarction in the side wall, lateral myocardial infarction, posterolateral myocardial infarction, anterolateral myocardial infarction.",
        "PRIE": "PR interval extension, prolonged PR interval, first-degree atrioventricular block.",
        "PWC": "P wave Change, P-wave changes, P-wave abnormalities, P-wave elevation, P-wave depression.",
        "QTIE": "QT interval extension, prolonged QT interval, prolonged corrected QT interval, Torsade de Pointes, Long QT syndrome.",
        "RAH": "right atrial hypertrophy, right atrial enlargement, right atrial dilatation.",
        "RBBB": "right bundle branch block, complete right bundle branch block, incomplete right bundle branch block, RBBB pattern on ECG, RBBB with left anterior fascicular block.",
        "STDD": "ST drop down, ST segment depression, ST segment elevation.",
        "STE": "ST elevation - probable extension, ST elevation myocardial infarction, ST segment elevation in anterior leads, ST segment elevation in lateral leads, ST segment elevation in inferior leads.",
        "STTC": "ST-T Change, ischemic in anterior leads, ischemic in posterior leads, ischemic in inferior leads, ischemic in lateral leads, non-specifc ST changes.",
        "STTU": "ST tilt up, ST segment tilt up, ST segment elevation in leads II, III and aVL.",
        "TWC": "T wave Change, T-wave changes, non-diagnostic T-waves, abnormal T-waves, ST-T wave changes.",
        "TWO": "T wave opposite, T wave inversion, T wave flattening.",
        "UW": "U wave, U-waves, abnormal U waves, prominent U waves.",
        "VB": "ventricular bigeminy, ventricular extrasystoles, premature ventricular contractions.",
        "VEB": "ventricular escape beat, ventricular premature beat, ventricular ectopic beat.",
        "VFW": "ventricular fusion wave, ventricular fusion beats, ventricular fusion complexes.",
        "VPB": "ventricular premature beat, ventricular premature complexes, ventricular ectopic beats, ventricular extrasystoles.",
        "VPE": "ventricular preexcitation, Wolff-Parkinson-White syndrome, accessory pathway conduction, Kent bundle..",
        "VET": "ventricular escape trigeminy, ventricular escape beats, ventricular premature beats with a cycle length of 2:1.",
        "WAVN": "Wandering in the atrioventricular node, Atrioventricular nodal reentry tachycardia, Atrial fibrillation with variable ventricular response, Multifocal atrial tachycardia, Wandering pacemaker syndrome..",
        "SB": "Sinus Bradycardia, Sinus bradycardia, sinus bradycardic rhythm.",
        "ST": "Sinus Tachycardia, Sinus tachycardia, Supraventricular tachycardia.",
        "AF": "Atrial Flutter, Atrial Fibrillation, Paroxysmal Atrial Flutter, Persistent Atrial Flutter, Long-standing Persistent Atrial Flutter.",
        "SA": "Sinus Irregularity, Sinus arrhythmia, Sinus tachycardia, Sinus bradycardia.",
        "SVT": "Supraventricular Tachycardia, Supraventricular tachyarrhythmia, Atrial tachycardia, Junctional tachycardia, Atrioventricular nodal reentrant tachycardia (AVNRT), Atrioventricular reciprocating tachycardia (AVRT), Wolff-Parkinson-White syndrome.",
        "AT": "Atrial Tachycardia, Atrial Tachycardia with block, Atrial Tachycardia with flutter waves, Orthodromic Atrial Tachycardia, Antidromic Atrial Tachycardia.",
        "AVNRT": "AV Node Reentrant Tachycardia, AV nodal reentrant tachycardia, Supraventricular tachycardia, Narrow complex tachycardia.",
        "AVRT": "AV Reentrant Tachycardia, AV nodal reentrant tachycardia, atrioventricular reentrant tachycardia, supraventricular tachycardia with aberrancy.",
        "SAAWR": "Sinus Atrium to Atrial Wandering Rhythm, Sinus Atrial Wandering Rhythm, Atrial Wandering Rhythm, Sinus-Atrial-Wandering-Rhythm.."
    }